{
  "controller/MyTaskUI.controller.js.map": 1733115370302,
  "utils/locate-reuse-libs.js": 1732699248008,
  "model/models.js": 1732699248008,
  "controller/MyTaskUI.controller.js": 1732699248008,
  "controller/App.controller.js": 1733114561784,
  "manifest.json": 1733115370176,
  "Component.js": 1732699248008,
  "controller/MyTaskUI-dbg.controller.js": 1732699248008,
  "i18n/i18n.properties": 1732699248008,
  "model/models-dbg.js": 1732699248008,
  "model/models.js.map": 1733115370303,
  "utils/locate-reuse-libs-dbg.js": 1732699248008,
  "utils/locate-reuse-libs.js.map": 1733115370315,
  "controller/App-dbg.controller.js": 1733114561784,
  "controller/App.controller.js.map": 1733115370324,
  "Component-dbg.js": 1732699248008,
  "Component.js.map": 1733115370315,
  "Component-preload.js": 1733115370399,
  "Component-preload.js.map": 1733115370399,
  "view/MyTaskUI.view.xml": 1732699248012,
  "view/App.view.xml": 1732859116509,
  "css/style.css": 1732699248008,
  "index.html": 1732699248008
}