{
  "model/models.js": 1715944782201,
  "manifest.json": 1718276727670,
  "i18n/i18n.properties": 1715944782197,
  "controller/MyTaskUI.controller.js": 1715944782213,
  "controller/App.controller.js": 1716810126751,
  "utils/locate-reuse-libs.js": 1715944782201,
  "Component.js": 1715945292971,
  "controller/App-dbg.controller.js": 1716810126751,
  "controller/App.controller.js.map": 1718276727864,
  "controller/MyTaskUI-dbg.controller.js": 1715944782213,
  "controller/MyTaskUI.controller.js.map": 1718276727835,
  "model/models-dbg.js": 1715944782201,
  "model/models.js.map": 1718276727836,
  "utils/locate-reuse-libs-dbg.js": 1715944782201,
  "utils/locate-reuse-libs.js.map": 1718276727855,
  "Component-dbg.js": 1715945292971,
  "Component.js.map": 1718276727851,
  "Component-preload.js": 1718276728090,
  "Component-preload.js.map": 1718276728090,
  "view/MyTaskUI.view.xml": 1715944825575,
  "view/App.view.xml": 1716876577818,
  "css/style.css": 1716272492547,
  "index.html": 1715944782193
}